id,media_name,filename
img1,happyville_spring_farmers_market,happyville_spring_farmers_market.png
img2,happyville_july4_parade_fireworks,happyville_july4_parade_fireworks.png
img3,happyville_town_hall_meeting,happyville_town_hall_meeting.png
img4,happyville_block_party,happyville_block_party.png
img5,happyville_fourth_of_july_poster,happyville_fourth_of_july_poster.png
img6,happyville_harvest_festival,happyville_harvest_festival.png
img7,happyville_tree_lighting,happyville_tree_lighting.png
img8,happyville_tree_lighting_poster,happyville_tree_lighting_poster.png
img9,happyville_community_yard_sale,happyville_community_yard_sale.png
img10,happyville_downtown_art_walk,happyville_downtown_art_walk.png
